Workbook

Sheet Parametreler
A1: Jolly Tur Performans Yönetimi Demo Veri Seti
A2: Dönem: 2026 Yıllık Değerlendirme (2. çeyrek sonu gerçekleşmeleriyle). Tüm veriler demo amaçlı kurgudur.
A4: Rol | B4: Hedef Ağırlığı | C4: Yetkinlik Ağırlığı
A5: Satış Danışmanı | B5: 0.7 | C5: 0.3
A6: Çağrı Merkezi Temsilcisi | B6: 0.7 | C6: 0.3
A7: Şube Müdürü | B7: 0.6 | C7: 0.4
A8: Çağrı Merkezi Yöneticisi | B8: 0.6 | C8: 0.4
A9: Satış Direktörü | B9: 0.6 | C9: 0.4
A11: Segment | B11: Alt Sınır | C11: Açıklama
A12: Yıldız | B12: 100 | C12: Toplam skor 100 ve üzeri
A13: Güçlü | B13: 85 | C13: Toplam skor 85 - 99,9
A14: Beklenen | B14: 70 | C14: Toplam skor 70 - 84,9
A15: Gelişim Alanı | B15: 0 | C15: Toplam skor 70 altı
A17: Yetkinlik ölçeği: 1 Beklentinin oldukça altında, 2 Gelişim gerekli, 3 Beklentiyi karşılıyor, 4 Beklentinin üzerinde, 5 Rol model.
A18: Hedef gerçekleşme oranı %120 ile sınırlandırılır. Ters hedefler puana çevrilerek girilmiştir.

Sheet Calisanlar
A1: Sicil No | B1: Ad Soyad | C1: Rol | D1: Şube | E1: Bölge | F1: Yönetici Sicil | G1: İşe Giriş Tarihi
A2: JT1001 | B2: Yasemin Arslan | C2: Satış Direktörü | D2: Genel Müdürlük | E2: Merkez | G2: 41252
A3: JT1002 | B3: Emre Oral | C3: Şube Müdürü | D3: Kadıköy | E3: Marmara | F3: JT1001 | G3: 45172
A4: JT1003 | B4: Burcu Turan | C4: Satış Danışmanı | D4: Kadıköy | E4: Marmara | F4: JT1002 | G4: 40911
A5: JT1004 | B5: Mehmet Avcı | C5: Satış Danışmanı | D5: Kadıköy | E5: Marmara | F5: JT1002 | G5: 42359
A6: JT1005 | B6: Hande Toprak | C6: Satış Danışmanı | D6: Kadıköy | E6: Marmara | F6: JT1002 | G6: 43205
A7: JT1006 | B7: Mehmet Vural | C7: Satış Danışmanı | D7: Kadıköy | E7: Marmara | F7: JT1002 | G7: 45374
A8: JT1007 | B8: Ceren Bulut | C8: Şube Müdürü | D8: Nişantaşı | E8: Marmara | F8: JT1001 | G8: 42436
A9: JT1008 | B9: Can Acar | C9: Satış Danışmanı | D9: Nişantaşı | E9: Marmara | F9: JT1007 | G9: 41453
A10: JT1009 | B10: Pelin Eroğlu | C10: Satış Danışmanı | D10: Nişantaşı | E10: Marmara | F10: JT1007 | G10: 42393
A11: JT1010 | B11: Efe Aydın | C11: Satış Danışmanı | D11: Nişantaşı | E11: Marmara | F11: JT1007 | G11: 43978
A12: JT1011 | B12: Yasemin Gür | C12: Satış Danışmanı | D12: Nişantaşı | E12: Marmara | F12: JT1007 | G12: 45827
A13: JT1012 | B13: Doruk Özkan | C13: Şube Müdürü | D13: Bakırköy | E13: Marmara | F13: JT1001 | G13: 45415
A14: JT1013 | B14: Gamze Fidan | C14: Satış Danışmanı | D14: Bakırköy | E14: Marmara | F14: JT1012 | G14: 41464
... A56: JT1055 | B56: Nil Zorlu | C56: Çağrı Merkezi Temsilcisi | D56: Çağrı Merkezi | E56: Merkez | F56: JT1047 | G56: 43599

Sheet Hedefler
A1: Sicil No | B1: Ad Soyad | C1: Rol | D1: Şube | E1: Bölge | F1: Hedef | G1: Ağırlık (%) | H1: Birim | I1: Hedef Değer | J1: Gerçekleşen | K1: Gerçekleşme (%) | L1: Ağırlıklı Skor
A2: JT1001 | B2: Yasemin Arslan | C2: Satış Direktörü | D2: Genel Müdürlük | E2: Merkez | F2: Toplam satış cirosu | G2: 40 | H2: TL | I2: 187100000 | J2: 200040000 | K2: =MIN(120,J2/I2*100) -> 106.91609 | L2: =K2*G2/100 -> 42.766435
A3: JT1001 | B3: Yasemin Arslan | C3: Satış Direktörü | D3: Genel Müdürlük | E3: Merkez | F3: Yeni müşteri kazanımı | G3: 20 | H3: Adet | I3: 12680 | J3: 13296 | K3: =MIN(120,J3/I3*100) -> 104.85804 | L3: =K3*G3/100 -> 20.971609
A4: JT1001 | B4: Yasemin Arslan | C4: Satış Direktörü | D4: Genel Müdürlük | E4: Merkez | F4: Genel müşteri memnuniyeti | G4: 20 | H4: Puan | I4: 60 | J4: 54.4 | K4: =MIN(120,J4/I4*100) -> 90.666667 | L4: =K4*G4/100 -> 18.133333
A5: JT1001 | B5: Yasemin Arslan | C5: Satış Direktörü | D5: Genel Müdürlük | E5: Merkez | F5: Bölge hedef gerçekleşme ortalaması | G5: 20 | H5: % | I5: 80 | J5: 69.4 | K5: =MIN(120,J5/I5*100) -> 86.75 | L5: =K5*G5/100 -> 17.35
A6: JT1002 | B6: Emre Oral | C6: Şube Müdürü | D6: Kadıköy | E6: Marmara | F6: Şube toplam satış cirosu | G6: 35 | H6: TL | I6: 18800000 | J6: 14400000 | K6: =MIN(120,J6/I6*100) -> 76.595745 | L6: =K6*G6/100 -> 26.808511
A7: JT1002 | B7: Emre Oral | C7: Şube Müdürü | D7: Kadıköy | E7: Marmara | F7: Şube karlılık puanı | G7: 20 | H7: Puan | I7: 82 | J7: 62.6 | K7: =MIN(120,J7/I7*100) -> 76.341463 | L7: =K7*G7/100 -> 15.268293
A8: JT1002 | B8: Emre Oral | C8: Şube Müdürü | D8: Kadıköy | E8: Marmara | F8: Şube müşteri memnuniyet skoru | G8: 20 | H8: Puan | I8: 60 | J8: 59.6 | K8: =MIN(120,J8/I8*100) -> 99.333333 | L8: =K8*G8/100 -> 19.866667
A9: JT1002 | B9: Emre Oral | C9: Şube Müdürü | D9: Kadıköy | E9: Marmara | F9: Ekip hedef gerçekleşme ortalaması | G9: 15 | H9: % | I9: 86 | J9: 65.8 | K9: =MIN(120,J9/I9*100) -> 76.511628 | L9: =K9*G9/100 -> 11.476744
A10: JT1002 | B10: Emre Oral | C10: Şube Müdürü | D10: Kadıköy | E10: Marmara | F10: Ekip bağlılık skoru | G10: 10 | H10: Puan | I10: 70 | J10: 68.3 | K10: =MIN(120,J10/I10*100) -> 97.571429 | L10: =K10*G10/100 -> 9.7571429
A11: JT1003 | B11: Burcu Turan | C11: Satış Danışmanı | D11: Kadıköy | E11: Marmara | F11: Yıllık satış cirosu | G11: 30 | H11: TL | I11: 4100000 | J11: 3330000 | K11: =MIN(120,J11/I11*100) -> 81.219512 | L11: =K11*G11/100 -> 24.365854
A12: JT1003 | B12: Burcu Turan | C12: Satış Danışmanı | D12: Kadıköy | E12: Marmara | F12: Erken rezervasyon dönüşüm oranı | G12: 15 | H12: % | I12: 34 | J12: 30.8 | K12: =MIN(120,J12/I12*100) -> 90.588235 | L12: =K12*G12/100 -> 13.588235
A13: JT1003 | B13: Burcu Turan | C13: Satış Danışmanı | D13: Kadıköy | E13: Marmara | F13: Çapraz satış adedi | G13: 15 | H13: Adet | I13: 260 | J13: 247 | K13: =MIN(120,J13/I13*100) -> 95 | L13: =K13*G13/100 -> 14.25
... A310: JT1055 | B310: Nil Zorlu | C310: Çağrı Merkezi Temsilcisi | D310: Çağrı Merkezi | E310: Merkez | F310: Çapraz satış adedi | G310: 15 | H310: Adet | I310: 140 | J310: 148 | K310: =MIN(120,J310/I310*100) -> 105.71429 | L310: =K310*G310/100 -> 15.857143

Sheet Yetkinlikler
A1: Sicil No | B1: Ad Soyad | C1: Rol | D1: Şube | E1: Bölge | F1: Yetkinlik No | G1: Yetkinlik | H1: Kategori | I1: Öz Değerlendirme (1-5) | J1: Yönetici Puanı (1-5) | K1: Fark (Öz - Yönetici)
A2: JT1001 | B2: Yasemin Arslan | C2: Satış Direktörü | D2: Genel Müdürlük | E2: Merkez | F2: 1 | G2: Müşteri Odaklılık | H2: Temel | I2: 5 | J2: 5 | K2: =I2-J2 -> 0
A3: JT1001 | B3: Yasemin Arslan | C3: Satış Direktörü | D3: Genel Müdürlük | E3: Merkez | F3: 2 | G3: Sonuç Odaklılık | H3: Temel | I3: 5 | J3: 5 | K3: =I3-J3 -> 0
A4: JT1001 | B4: Yasemin Arslan | C4: Satış Direktörü | D4: Genel Müdürlük | E4: Merkez | F4: 3 | G4: İş Birliği ve Ekip Çalışması | H4: Temel | I4: 5 | J4: 5 | K4: =I4-J4 -> 0
A5: JT1001 | B5: Yasemin Arslan | C5: Satış Direktörü | D5: Genel Müdürlük | E5: Merkez | F5: 11 | G5: Ekip Geliştirme ve Koçluk | H5: Yönetsel | I5: 5 | J5: 5 | K5: =I5-J5 -> 0
A6: JT1001 | B6: Yasemin Arslan | C6: Satış Direktörü | D6: Genel Müdürlük | E6: Merkez | F6: 12 | G6: Planlama ve Delegasyon | H6: Yönetsel | I6: 4 | J6: 5 | K6: =I6-J6 -> -1
A7: JT1001 | B7: Yasemin Arslan | C7: Satış Direktörü | D7: Genel Müdürlük | E7: Merkez | F7: 13 | G7: Ticari Bakış Açısı | H7: Yönetsel | I7: 4 | J7: 5 | K7: =I7-J7 -> -1
A8: JT1001 | B8: Yasemin Arslan | C8: Satış Direktörü | D8: Genel Müdürlük | E8: Merkez | F8: 14 | G8: Dijital Araç ve Kanal Kullanımı | H8: Dijital | I8: 4 | J8: 4 | K8: =I8-J8 -> 0
A9: JT1002 | B9: Emre Oral | C9: Şube Müdürü | D9: Kadıköy | E9: Marmara | F9: 1 | G9: Müşteri Odaklılık | H9: Temel | I9: 5 | J9: 4 | K9: =I9-J9 -> 1
A10: JT1002 | B10: Emre Oral | C10: Şube Müdürü | D10: Kadıköy | E10: Marmara | F10: 2 | G10: Sonuç Odaklılık | H10: Temel | I10: 4 | J10: 4 | K10: =I10-J10 -> 0
A11: JT1002 | B11: Emre Oral | C11: Şube Müdürü | D11: Kadıköy | E11: Marmara | F11: 3 | G11: İş Birliği ve Ekip Çalışması | H11: Temel | I11: 5 | J11: 5 | K11: =I11-J11 -> 0
A12: JT1002 | B12: Emre Oral | C12: Şube Müdürü | D12: Kadıköy | E12: Marmara | F12: 11 | G12: Ekip Geliştirme ve Koçluk | H12: Yönetsel | I12: 5 | J12: 4 | K12: =I12-J12 -> 1
A13: JT1002 | B13: Emre Oral | C13: Şube Müdürü | D13: Kadıköy | E13: Marmara | F13: 12 | G13: Planlama ve Delegasyon | H13: Yönetsel | I13: 3 | J13: 4 | K13: =I13-J13 -> -1
... A491: JT1055 | B491: Nil Zorlu | C491: Çağrı Merkezi Temsilcisi | D491: Çağrı Merkezi | E491: Merkez | F491: 14 | G491: Dijital Araç ve Kanal Kullanımı | H491: Dijital | I491: 5 | J491: 4 | K491: =I491-J491 -> 1

Sheet Karne_Ozeti
A1: Sicil No | B1: Ad Soyad | C1: Rol | D1: Şube | E1: Bölge | F1: Hedef Ağırlığı | G1: Yetkinlik Ağırlığı | H1: Hedef Skoru | I1: Yetkinlik Skoru | J1: Toplam Skor | K1: Segment | L1: Öz-Yönetici Ort. Farkı
A2: JT1001 | B2: Yasemin Arslan | C2: Satış Direktörü | D2: Genel Müdürlük | E2: Merkez | F2: =INDEX(Parametreler!$B$5:$B$9,MATCH(C2,Parametreler!$A$5:$A$9,0)) -> 0.6 | G2: =INDEX(Parametreler!$C$5:$C$9,MATCH(C2,Parametreler!$A$5:$A$9,0)) -> 0.4 | H2: =SUMIFS(Hedefler!$L$2:$L$400,Hedefler!$A$2:$A$400,A2) -> 99.221377 | I2: =AVERAGEIFS(Yetkinlikler!$J$2:$J$600,Yetkinlikler!$A$2:$A$600,A2)/5*100 -> 97.142857 | J2: =H2*F2+I2*G2 -> 98.389969 | K2: =IF(J2>=100,"Yıldız",IF(J2>=85,"Güçlü",IF(J2>=70,"Beklenen","Gelişim Alanı"))) -> Güçlü | L2: =AVERAGEIFS(Yetkinlikler!$K$2:$K$600,Yetkinlikler!$A$2:$A$600,A2) -> -0.28571429
A3: JT1002 | B3: Emre Oral | C3: Şube Müdürü | D3: Kadıköy | E3: Marmara | F3: =INDEX(Parametreler!$B$5:$B$9,MATCH(C3,Parametreler!$A$5:$A$9,0)) -> 0.6 | G3: =INDEX(Parametreler!$C$5:$C$9,MATCH(C3,Parametreler!$A$5:$A$9,0)) -> 0.4 | H3: =SUMIFS(Hedefler!$L$2:$L$400,Hedefler!$A$2:$A$400,A3) -> 83.177357 | I3: =AVERAGEIFS(Yetkinlikler!$J$2:$J$600,Yetkinlikler!$A$2:$A$600,A3)/5*100 -> 82.857143 | J3: =H3*F3+I3*G3 -> 83.049271 | K3: =IF(J3>=100,"Yıldız",IF(J3>=85,"Güçlü",IF(J3>=70,"Beklenen","Gelişim Alanı"))) -> Beklenen | L3: =AVERAGEIFS(Yetkinlikler!$K$2:$K$600,Yetkinlikler!$A$2:$A$600,A3) -> 0
A4: JT1003 | B4: Burcu Turan | C4: Satış Danışmanı | D4: Kadıköy | E4: Marmara | F4: =INDEX(Parametreler!$B$5:$B$9,MATCH(C4,Parametreler!$A$5:$A$9,0)) -> 0.7 | G4: =INDEX(Parametreler!$C$5:$C$9,MATCH(C4,Parametreler!$A$5:$A$9,0)) -> 0.3 | H4: =SUMIFS(Hedefler!$L$2:$L$400,Hedefler!$A$2:$A$400,A4) -> 86.843017 | I4: =AVERAGEIFS(Yetkinlikler!$J$2:$J$600,Yetkinlikler!$A$2:$A$600,A4)/5*100 -> 92 | J4: =H4*F4+I4*G4 -> 88.390112 | K4: =IF(J4>=100,"Yıldız",IF(J4>=85,"Güçlü",IF(J4>=70,"Beklenen","Gelişim Alanı"))) -> Güçlü | L4: =AVERAGEIFS(Yetkinlikler!$K$2:$K$600,Yetkinlikler!$A$2:$A$600,A4) -> 0.1
A5: JT1004 | B5: Mehmet Avcı | C5: Satış Danışmanı | D5: Kadıköy | E5: Marmara | F5: =INDEX(Parametreler!$B$5:$B$9,MATCH(C5,Parametreler!$A$5:$A$9,0)) -> 0.7 | G5: =INDEX(Parametreler!$C$5:$C$9,MATCH(C5,Parametreler!$A$5:$A$9,0)) -> 0.3 | H5: =SUMIFS(Hedefler!$L$2:$L$400,Hedefler!$A$2:$A$400,A5) -> 90.606439 | I5: =AVERAGEIFS(Yetkinlikler!$J$2:$J$600,Yetkinlikler!$A$2:$A$600,A5)/5*100 -> 88 | J5: =H5*F5+I5*G5 -> 89.824507 | K5: =IF(J5>=100,"Yıldız",IF(J5>=85,"Güçlü",IF(J5>=70,"Beklenen","Gelişim Alanı"))) -> Güçlü | L5: =AVERAGEIFS(Yetkinlikler!$K$2:$K$600,Yetkinlikler!$A$2:$A$600,A5) -> 0
A6: JT1005 | B6: Hande Toprak | C6: Satış Danışmanı | D6: Kadıköy | E6: Marmara | F6: =INDEX(Parametreler!$B$5:$B$9,MATCH(C6,Parametreler!$A$5:$A$9,0)) -> 0.7 | G6: =INDEX(Parametreler!$C$5:$C$9,MATCH(C6,Parametreler!$A$5:$A$9,0)) -> 0.3 | H6: =SUMIFS(Hedefler!$L$2:$L$400,Hedefler!$A$2:$A$400,A6) -> 99.433639 | I6: =AVERAGEIFS(Yetkinlikler!$J$2:$J$600,Yetkinlikler!$A$2:$A$600,A6)/5*100 -> 96 | J6: =H6*F6+I6*G6 -> 98.403547 | K6: =IF(J6>=100,"Yıldız",IF(J6>=85,"Güçlü",IF(J6>=70,"Beklenen","Gelişim Alanı"))) -> Güçlü | L6: =AVERAGEIFS(Yetkinlikler!$K$2:$K$600,Yetkinlikler!$A$2:$A$600,A6) -> -0.1
A7: JT1006 | B7: Mehmet Vural | C7: Satış Danışmanı | D7: Kadıköy | E7: Marmara | F7: =INDEX(Parametreler!$B$5:$B$9,MATCH(C7,Parametreler!$A$5:$A$9,0)) -> 0.7 | G7: =INDEX(Parametreler!$C$5:$C$9,MATCH(C7,Parametreler!$A$5:$A$9,0)) -> 0.3 | H7: =SUMIFS(Hedefler!$L$2:$L$400,Hedefler!$A$2:$A$400,A7) -> 60.324396 | I7: =AVERAGEIFS(Yetkinlikler!$J$2:$J$600,Yetkinlikler!$A$2:$A$600,A7)/5*100 -> 70 | J7: =H7*F7+I7*G7 -> 63.227077 | K7: =IF(J7>=100,"Yıldız",IF(J7>=85,"Güçlü",IF(J7>=70,"Beklenen","Gelişim Alanı"))) -> Gelişim Alanı | L7: =AVERAGEIFS(Yetkinlikler!$K$2:$K$600,Yetkinlikler!$A$2:$A$600,A7) -> 0.2
A8: JT1007 | B8: Ceren Bulut | C8: Şube Müdürü | D8: Nişantaşı | E8: Marmara | F8: =INDEX(Parametreler!$B$5:$B$9,MATCH(C8,Parametreler!$A$5:$A$9,0)) -> 0.6 | G8: =INDEX(Parametreler!$C$5:$C$9,MATCH(C8,Parametreler!$A$5:$A$9,0)) -> 0.4 | H8: =SUMIFS(Hedefler!$L$2:$L$400,Hedefler!$A$2:$A$400,A8) -> 76.30721 | I8: =AVERAGEIFS(Yetkinlikler!$J$2:$J$600,Yetkinlikler!$A$2:$A$600,A8)/5*100 -> 82.857143 | J8: =H8*F8+I8*G8 -> 78.927183 | K8: =IF(J8>=100,"Yıldız",IF(J8>=85,"Güçlü",IF(J8>=70,"Beklenen","Gelişim Alanı"))) -> Beklenen | L8: =AVERAGEIFS(Yetkinlikler!$K$2:$K$600,Yetkinlikler!$A$2:$A$600,A8) -> 0.42857143
A9: JT1008 | B9: Can Acar | C9: Satış Danışmanı | D9: Nişantaşı | E9: Marmara | F9: =INDEX(Parametreler!$B$5:$B$9,MATCH(C9,Parametreler!$A$5:$A$9,0)) -> 0.7 | G9: =INDEX(Parametreler!$C$5:$C$9,MATCH(C9,Parametreler!$A$5:$A$9,0)) -> 0.3 | H9: =SUMIFS(Hedefler!$L$2:$L$400,Hedefler!$A$2:$A$400,A9) -> 101.09711 | I9: =AVERAGEIFS(Yetkinlikler!$J$2:$J$600,Yetkinlikler!$A$2:$A$600,A9)/5*100 -> 90 | J9: =H9*F9+I9*G9 -> 97.767976 | K9: =IF(J9>=100,"Yıldız",IF(J9>=85,"Güçlü",IF(J9>=70,"Beklenen","Gelişim Alanı"))) -> Güçlü | L9: =AVERAGEIFS(Yetkinlikler!$K$2:$K$600,Yetkinlikler!$A$2:$A$600,A9) -> 0.2
A10: JT1009 | B10: Pelin Eroğlu | C10: Satış Danışmanı | D10: Nişantaşı | E10: Marmara | F10: =INDEX(Parametreler!$B$5:$B$9,MATCH(C10,Parametreler!$A$5:$A$9,0)) -> 0.7 | G10: =INDEX(Parametreler!$C$5:$C$9,MATCH(C10,Parametreler!$A$5:$A$9,0)) -> 0.3 | H10: =SUMIFS(Hedefler!$L$2:$L$400,Hedefler!$A$2:$A$400,A10) -> 83.677165 | I10: =AVERAGEIFS(Yetkinlikler!$J$2:$J$600,Yetkinlikler!$A$2:$A$600,A10)/5*100 -> 86 | J10: =H10*F10+I10*G10 -> 84.374016 | K10: =IF(J10>=100,"Yıldız",IF(J10>=85,"Güçlü",IF(J10>=70,"Beklenen","Gelişim Alanı"))) -> Beklenen | L10: =AVERAGEIFS(Yetkinlikler!$K$2:$K$600,Yetkinlikler!$A$2:$A$600,A10) -> 0.6
A11: JT1010 | B11: Efe Aydın | C11: Satış Danışmanı | D11: Nişantaşı | E11: Marmara | F11: =INDEX(Parametreler!$B$5:$B$9,MATCH(C11,Parametreler!$A$5:$A$9,0)) -> 0.7 | G11: =INDEX(Parametreler!$C$5:$C$9,MATCH(C11,Parametreler!$A$5:$A$9,0)) -> 0.3 | H11: =SUMIFS(Hedefler!$L$2:$L$400,Hedefler!$A$2:$A$400,A11) -> 79.553277 | I11: =AVERAGEIFS(Yetkinlikler!$J$2:$J$600,Yetkinlikler!$A$2:$A$600,A11)/5*100 -> 80 | J11: =H11*F11+I11*G11 -> 79.687294 | K11: =IF(J11>=100,"Yıldız",IF(J11>=85,"Güçlü",IF(J11>=70,"Beklenen","Gelişim Alanı"))) -> Beklenen | L11: =AVERAGEIFS(Yetkinlikler!$K$2:$K$600,Yetkinlikler!$A$2:$A$600,A11) -> 0.2
A12: JT1011 | B12: Yasemin Gür | C12: Satış Danışmanı | D12: Nişantaşı | E12: Marmara | F12: =INDEX(Parametreler!$B$5:$B$9,MATCH(C12,Parametreler!$A$5:$A$9,0)) -> 0.7 | G12: =INDEX(Parametreler!$C$5:$C$9,MATCH(C12,Parametreler!$A$5:$A$9,0)) -> 0.3 | H12: =SUMIFS(Hedefler!$L$2:$L$400,Hedefler!$A$2:$A$400,A12) -> 89.645348 | I12: =AVERAGEIFS(Yetkinlikler!$J$2:$J$600,Yetkinlikler!$A$2:$A$600,A12)/5*100 -> 88 | J12: =H12*F12+I12*G12 -> 89.151744 | K12: =IF(J12>=100,"Yıldız",IF(J12>=85,"Güçlü",IF(J12>=70,"Beklenen","Gelişim Alanı"))) -> Güçlü | L12: =AVERAGEIFS(Yetkinlikler!$K$2:$K$600,Yetkinlikler!$A$2:$A$600,A12) -> 0.6
A13: JT1012 | B13: Doruk Özkan | C13: Şube Müdürü | D13: Bakırköy | E13: Marmara | F13: =INDEX(Parametreler!$B$5:$B$9,MATCH(C13,Parametreler!$A$5:$A$9,0)) -> 0.6 | G13: =INDEX(Parametreler!$C$5:$C$9,MATCH(C13,Parametreler!$A$5:$A$9,0)) -> 0.4 | H13: =SUMIFS(Hedefler!$L$2:$L$400,Hedefler!$A$2:$A$400,A13) -> 88.189807 | I13: =AVERAGEIFS(Yetkinlikler!$J$2:$J$600,Yetkinlikler!$A$2:$A$600,A13)/5*100 -> 88.571429 | J13: =H13*F13+I13*G13 -> 88.342456 | K13: =IF(J13>=100,"Yıldız",IF(J13>=85,"Güçlü",IF(J13>=70,"Beklenen","Gelişim Alanı"))) -> Güçlü | L13: =AVERAGEIFS(Yetkinlikler!$K$2:$K$600,Yetkinlikler!$A$2:$A$600,A13) -> -0.28571429
... A56: JT1055 | B56: Nil Zorlu | C56: Çağrı Merkezi Temsilcisi | D56: Çağrı Merkezi | E56: Merkez | F56: =INDEX(Parametreler!$B$5:$B$9,MATCH(C56,Parametreler!$A$5:$A$9,0)) -> 0.7 | G56: =INDEX(Parametreler!$C$5:$C$9,MATCH(C56,Parametreler!$A$5:$A$9,0)) -> 0.3 | H56: =SUMIFS(Hedefler!$L$2:$L$400,Hedefler!$A$2:$A$400,A56) -> 95.396088 | I56: =AVERAGEIFS(Yetkinlikler!$J$2:$J$600,Yetkinlikler!$A$2:$A$600,A56)/5*100 -> 88.571429 | J56: =H56*F56+I56*G56 -> 93.34869 | K56: =IF(J56>=100,"Yıldız",IF(J56>=85,"Güçlü",IF(J56>=70,"Beklenen","Gelişim Alanı"))) -> Güçlü | L56: =AVERAGEIFS(Yetkinlikler!$K$2:$K$600,Yetkinlikler!$A$2:$A$600,A56) -> 0.42857143
